_step,actor/entropy,actor/grad_norm,actor/lr,actor/pg_clipfrac,actor/pg_clipfrac_lower,actor/pg_loss,actor/ppo_kl,val-core/nemogym_code/acc/mean@1,val-core/nemogym_if/acc/mean@1,val-core/nemogym_mcqa/acc/mean@1,val-core/nemogym_structured/acc/mean@1,val-core/nemogym_workplace/acc/mean@1
0,,,,,,,,0,0.03846154,0.11111111,0,0.14285714
1,,,,,,,,0,0.03846154,0.14814815,0,0.14285714
2,,,,,,,,0,0,0.03703704,0,0.14285714
3,,,,,,,,0,0.07692308,0.07407407,0,0.14285714
4,,,,,,,,0,0.07692308,0.03703704,0,0.14285714
5,4.07938814,20.96472693,4e-07,0,0,0.26533545,0,0,0.03846154,0.03703704,0,0.14285714
6,,,,,,,,0,0,0,0,0.14285714
7,,,,,,,,0,0,0.11111111,0,0.14285714
8,,,,,,,,0,0,0.11111111,0,0.14285714
9,,,,,,,,0.03846154,0.07692308,0,0,0.14285714
10,3.43527794,4.34969839,9e-07,0,0,0.13199894,0,0,0.11538462,0.03703704,0,0.14285714
11,,,,,,,,0,0.03846154,0.07407407,0.14285714,0.14285714
12,,,,,,,,0,0.03846154,0.03703704,0,0.14285714
13,,,,,,,,0,0.11538462,0.11111111,0,0.14285714
14,,,,,,,,0,0.03846154,0,0,0.14285714
15,3.38151312,10.51242892,1e-06,0,0,0.20763894,0,0,0,0.03703704,0,0.14285714
16,,,,,,,,0,0.03846154,0,0,0.14285714
17,,,,,,,,0,0.07692308,0.03703704,0,0.14285714
18,,,,,,,,0,0.03846154,0,0,0.14285714
19,,,,,,,,0,0.03846154,0.03703704,0,0.14285714
20,3.27888894,5.54737203,1e-06,0,0,0.16382082,0,0,0.03846154,0.03703704,0,0.14285714
21,,,,,,,,0,0,0.03703704,0,0.14285714
22,,,,,,,,0,0,0.03703704,0,0.14285714
23,,,,,,,,0,0,0.03703704,0,0.14285714
24,,,,,,,,0,0,0.07407407,0,0.14285714
25,3.78715396,14.75704633,1e-06,0,0,0.1374538,0,0,0.03846154,0.03703704,0,0.14285714
26,,,,,,,,0.03846154,0.03846154,0.07407407,0,0.14285714
27,,,,,,,,0,0,0.11111111,0,0.14285714
28,,,,,,,,0,0.11538462,0.03703704,0,0.14285714
29,,,,,,,,0,0,0.03703704,0,0.14285714
30,2.9125638,5.67963679,1e-06,0,0,0.09736979,0,0,0.03846154,0.07407407,0,0.14285714
31,,,,,,,,0.03846154,0,0.11111111,0,0.14285714
32,,,,,,,,0,0.03846154,0.07407407,0,0.14285714
33,,,,,,,,0,0.07692308,0.11111111,0,0.14285714
34,,,,,,,,0,0.07692308,0.03703704,0,0.14285714
35,2.80204773,7.68369801,1e-06,0,0,0.0955806,0,0,0.03846154,0,0,0.14285714
36,,,,,,,,0,0.07692308,0.03703704,0,0.14285714
37,,,,,,,,0,0,0.07407407,0,0.14285714
38,,,,,,,,0,0.03846154,0.03703704,0,0.14285714
39,,,,,,,,0,0,0.07407407,0,0.14285714
40,2.28666353,5.77116612,1e-06,0,0,0.1657149,0,0,0.03846154,0.07407407,0,0.14285714
41,,,,,,,,0,0.03846154,0,0,0.14285714
42,,,,,,,,0,0.03846154,0,0,0.14285714
43,,,,,,,,0,0.03846154,0.07407407,0,0.14285714
44,,,,,,,,0,0.03846154,0.07407407,0,0.14285714
45,3.04493594,7.33625521,1e-06,0,0,0.11966507,0,0,0,0.03703704,0,0.14285714
46,,,,,,,,0,0.03846154,0.03703704,0,0.14285714
47,,,,,,,,0,0.07692308,0.03703704,0,0.14285714
48,,,,,,,,0,0.11538462,0,0,0.14285714
49,,,,,,,,0,0.11538462,0.03703704,0,0.14285714
50,2.63702774,17.38183547,1e-06,0,0,0.0431477,0,0,0,0,0,0.14285714
51,,,,,,,,0,0,0,0,0.14285714
52,,,,,,,,0,0.03846154,0.11111111,0,0.14285714
53,,,,,,,,0,0,0.07407407,0,0.14285714
54,,,,,,,,0,0.03846154,0.03703704,0,0.14285714
55,3.01682544,20.69545038,1e-06,0,0,0.05516814,0,0,0.03846154,0.03703704,0,0.14285714
56,,,,,,,,0,0.03846154,0,0,0.14285714
57,,,,,,,,0,0.03846154,0.03703704,0,0.14285714
58,,,,,,,,0,0.03846154,0.11111111,0,0.14285714
59,,,,,,,,0,0.03846154,0.07407407,0,0.14285714
60,4.0163703,11.48586101,1e-06,0,0,0.00470922,0,0,0,0,0,0.14285714
61,,,,,,,,0,0.03846154,0.03703704,0,0.14285714
62,,,,,,,,0,0.03846154,0.07407407,0,0.14285714
63,,,,,,,,0,0.03846154,0.03703704,0,0.14285714
64,,,,,,,,0,0.03846154,0.14814815,0,0.14285714
65,2.62289691,12.61700791,1e-06,0,0,0.05923897,0,0,0.07692308,0.03703704,0,0.14285714
66,,,,,,,,0,0,0.03703704,0,0.14285714
67,,,,,,,,0,0.07692308,0,0,0.14285714
68,,,,,,,,0,0.03846154,0.03703704,0,0.14285714
69,,,,,,,,0,0.03846154,0.07407407,0,0.14285714
70,3.2332921,3.72754482,1e-06,0,0,-0.00054192,0,0,0.03846154,0.07407407,0,0.14285714
71,,,,,,,,0,0.07692308,0,0,0.14285714
72,,,,,,,,0,0,0,0,0.14285714
73,,,,,,,,0,0.11538462,0.03703704,0,0.14285714
74,,,,,,,,0,0,0.07407407,0,0.14285714
75,3.58198166,3.54558483,1e-06,0,0,0.1310191,0,0,0,0.07407407,0,0.14285714
76,,,,,,,,0,0.03846154,0,0,0.14285714
77,,,,,,,,0,0.03846154,0,0,0.14285714
78,,,,,,,,0,0.03846154,0.03703704,0,0.14285714
79,,,,,,,,0,0.07692308,0.07407407,0,0.14285714
80,3.13640118,0,1e-06,0,0,0,0,0,0.03846154,0.03703704,0,0.14285714
81,,,,,,,,0,0.03846154,0,0,0.14285714
82,,,,,,,,0,0.11538462,0.03703704,0,0.14285714
83,,,,,,,,0,0.03846154,0.11111111,0,0.14285714
84,,,,,,,,0,0,0,0,0.14285714
85,2.40221977,14.4541142,1e-06,0,0,-0.01408482,0,0,0.03846154,0,0,0.14285714
86,,,,,,,,0,0,0.03703704,0,0.14285714
87,,,,,,,,0,0,0.03703704,0,0.14285714
88,,,,,,,,0,0,0.03703704,0,0.14285714
89,,,,,,,,0,0.07692308,0.03703704,0,0.14285714
90,2.81788778,101.93156501,1e-06,0,0,0.00654655,0,0,0.03846154,0,0,0.14285714
91,,,,,,,,0,0,0.03703704,0,0.14285714
92,,,,,,,,0,0,0.03703704,0,0.14285714
93,,,,,,,,0,0,0.07407407,0,0.14285714
94,,,,,,,,0,0.03846154,0.07407407,0,0.14285714
95,3.04793787,2.84119678,1e-06,0,0,0.04175634,0,0,0.03846154,0,0,0.14285714
96,,,,,,,,0,0,0,0,0.14285714
97,,,,,,,,0,0,0,0,0.14285714
98,,,,,,,,0,0.03846154,0.03703704,0,0.14285714
99,,,,,,,,0,0.03846154,0,0,0.14285714
